arm,label,date,weekday,weekday_name,open_minute,window_minutes,window_hours,crowd_level,party_night,count,roster,finish_minute,slack_minutes,walking_minutes,waiting_minutes,assumptions,upper_bound,gap
calendar,2026-09-25,2026-09-25,4,Fri,480.0,600.0,10.0,1.0,1,26,30,1102.32,16.36,91.27,311.54,10f62d81c61f,29,3
calendar,2026-09-26,2026-09-26,5,Sat,480.0,900.0,15.0,1.0,0,30,30,1308.86,94.37,108.75,473.61,10016de4ae85,30,0
calendar,2026-09-27,2026-09-27,6,Sun,540.0,540.0,9.0,1.0,1,23,30,1106.9,4.52,76.47,323.93,35c05c63ea33,26,3
calendar,2026-09-28,2026-09-28,0,Mon,540.0,780.0,13.0,1.0,0,29,30,1349.8,13.24,103.24,461.06,10b393961d73,30,1
calendar,2026-09-29,2026-09-29,1,Tue,540.0,540.0,9.0,1.0,1,23,30,1090.16,11.23,84.14,284.52,588bcb6f5857,26,3
calendar,2026-09-30,2026-09-30,2,Wed,540.0,780.0,13.0,1.0,0,29,30,1352.0,1.05,98.49,468.0,f8b4f98716dc,30,1
calendar,2026-10-01,2026-10-01,3,Thu,540.0,540.0,9.0,1.0,1,23,30,1100.6,17.77,78.79,279.3,89e86abac46d,26,3
calendar,2026-10-02,2026-10-02,4,Fri,480.0,600.0,10.0,1.0,1,26,30,1102.32,16.36,91.27,311.54,10f62d81c61f,29,3
calendar,2026-10-03,2026-10-03,5,Sat,480.0,900.0,15.0,1.0,0,30,30,1308.86,94.37,108.75,473.61,10016de4ae85,30,0
calendar,2026-10-04,2026-10-04,6,Sun,480.0,600.0,10.0,1.0,1,25,30,1091.78,10.47,94.92,317.37,35c05c63ea33,29,4
calendar,2026-10-05,2026-10-05,0,Mon,540.0,840.0,14.0,1.0,0,30,30,1395.75,21.27,112.03,497.22,10b393961d73,30,0
calendar,2026-10-06,2026-10-06,1,Tue,540.0,540.0,9.0,1.0,1,23,30,1090.16,11.23,84.14,284.52,588bcb6f5857,26,3
calendar,2026-10-07,2026-10-07,2,Wed,480.0,900.0,15.0,1.0,0,30,30,1312.58,87.49,112.58,473.5,f8b4f98716dc,30,0
calendar,2026-10-08,2026-10-08,3,Thu,480.0,600.0,10.0,1.0,1,25,30,1074.6,26.13,89.83,287.77,89e86abac46d,30,5
calendar,2026-10-09,2026-10-09,4,Fri,480.0,600.0,10.0,1.0,1,26,30,1102.32,16.36,91.27,311.54,10f62d81c61f,29,3
calendar,2026-10-10,2026-10-10,5,Sat,480.0,900.0,15.0,1.0,0,30,30,1308.86,94.37,108.75,473.61,10016de4ae85,30,0
calendar,2026-10-11,2026-10-11,6,Sun,540.0,780.0,13.0,1.0,0,29,30,1355.93,6.82,110.52,459.91,35c05c63ea33,30,1
calendar,2026-10-12,2026-10-12,0,Mon,540.0,780.0,13.0,1.0,0,29,30,1349.8,13.24,103.24,461.06,10b393961d73,30,1
calendar,2026-10-13,2026-10-13,1,Tue,540.0,540.0,9.0,1.0,1,23,30,1090.16,11.23,84.14,284.52,588bcb6f5857,26,3
calendar,2026-10-14,2026-10-14,2,Wed,540.0,780.0,13.0,1.0,0,29,30,1352.0,1.05,98.49,468.0,f8b4f98716dc,30,1
calendar,2026-10-15,2026-10-15,3,Thu,540.0,540.0,9.0,1.0,1,23,30,1100.6,17.77,78.79,279.3,89e86abac46d,26,3
calendar,2026-10-16,2026-10-16,4,Fri,540.0,540.0,9.0,1.0,1,23,30,1087.95,16.68,77.6,285.85,10f62d81c61f,26,3
calendar,2026-10-17,2026-10-17,5,Sat,540.0,780.0,13.0,1.0,0,29,30,1335.32,5.28,104.66,445.16,10016de4ae85,30,1
calendar,2026-10-18,2026-10-18,6,Sun,540.0,540.0,9.0,1.0,1,23,30,1106.9,4.52,76.47,323.93,35c05c63ea33,26,3
calendar,2026-10-19,2026-10-19,0,Mon,540.0,780.0,13.0,1.0,0,29,30,1349.8,13.24,103.24,461.06,10b393961d73,30,1
calendar,2026-10-20,2026-10-20,1,Tue,540.0,780.0,13.0,1.0,0,29,30,1349.99,5.81,103.78,460.71,588bcb6f5857,30,1
calendar,2026-10-21,2026-10-21,2,Wed,540.0,780.0,13.0,1.0,0,29,30,1352.0,1.05,98.49,468.0,f8b4f98716dc,30,1
calendar,2026-10-22,2026-10-22,3,Thu,540.0,540.0,9.0,1.0,1,23,30,1100.6,17.77,78.79,279.3,89e86abac46d,26,3
calendar,2026-10-23,2026-10-23,4,Fri,540.0,540.0,9.0,1.0,1,23,30,1087.95,16.68,77.6,285.85,10f62d81c61f,26,3
calendar,2026-10-24,2026-10-24,5,Sat,540.0,780.0,13.0,1.0,0,29,30,1335.32,5.28,104.66,445.16,10016de4ae85,30,1
calendar,2026-10-25,2026-10-25,6,Sun,540.0,540.0,9.0,1.0,1,23,30,1106.9,4.52,76.47,323.93,35c05c63ea33,26,3
