date,weekday,window_h,party,count,roster,upper_bound,gap,proven_optimal,finish,slack_min,walk_min,wait_min,ride_min,cell_support,assumptions,skipped
2026-09-25,Fri,10.0,1,26,30,30,4,0,18:19,19,92,325,192,0.923,89478f17e596,"Seven Dwarfs Mine Train; TRON Lightcycle / Run; Walt Disney World Railroad - Fantasyland; Walt Disney World Railroad - Main Street, U.S.A."
2026-09-26,Sat,15.0,0,30,30,30,0,1,21:54,89,119,468,236,0.933,89478f17e596,
2026-09-27,Sun,9.0,1,23,30,26,3,0,18:05,24,80,299,156,0.913,89478f17e596,"Jungle Cruise; Peter Pan's Flight; Seven Dwarfs Mine Train; TRON Lightcycle / Run; The Hall of Presidents; Walt Disney World Railroad - Fantasyland; Walt Disney World Railroad - Main Street, U.S.A."
2026-09-28,Mon,13.0,0,29,30,30,1,0,22:31,11,111,455,236,0.966,89478f17e596,TRON Lightcycle / Run
2026-09-29,Tue,9.0,1,23,30,26,3,0,18:01,31,91,283,156,0.957,89478f17e596,"Jungle Cruise; Peter Pan's Flight; Seven Dwarfs Mine Train; TRON Lightcycle / Run; The Hall of Presidents; Walt Disney World Railroad - Fantasyland; Walt Disney World Railroad - Main Street, U.S.A."
2026-09-30,Wed,13.0,0,28,30,30,2,0,22:18,13,109,447,232,0.964,89478f17e596,Seven Dwarfs Mine Train; TRON Lightcycle / Run
2026-10-01,Thu,9.0,1,23,30,26,3,0,18:35,3,83,289,194,0.913,89478f17e596,"Big Thunder Mountain Railroad; Jungle Cruise; Peter Pan's Flight; Seven Dwarfs Mine Train; Space Mountain; TRON Lightcycle / Run; Walt Disney World Railroad - Main Street, U.S.A."
2026-10-02,Fri,10.0,1,26,30,30,4,0,18:19,19,92,325,192,0.923,89478f17e596,"Seven Dwarfs Mine Train; TRON Lightcycle / Run; Walt Disney World Railroad - Fantasyland; Walt Disney World Railroad - Main Street, U.S.A."
2026-10-03,Sat,15.0,0,30,30,30,0,1,21:54,89,119,468,236,0.933,89478f17e596,
2026-10-04,Sun,10.0,1,26,30,30,4,0,18:17,12,92,306,210,0.846,89478f17e596,"Peter Pan's Flight; Seven Dwarfs Mine Train; TRON Lightcycle / Run; Walt Disney World Railroad - Main Street, U.S.A."
2026-10-05,Mon,14.0,0,30,30,30,0,1,23:02,35,118,478,236,0.933,89478f17e596,
2026-10-06,Tue,9.0,1,23,30,26,3,0,18:01,31,91,283,156,0.957,89478f17e596,"Jungle Cruise; Peter Pan's Flight; Seven Dwarfs Mine Train; TRON Lightcycle / Run; The Hall of Presidents; Walt Disney World Railroad - Fantasyland; Walt Disney World Railroad - Main Street, U.S.A."
2026-10-07,Wed,15.0,0,30,30,30,0,1,22:24,44,117,500,236,0.833,89478f17e596,
2026-10-08,Thu,10.0,1,25,30,30,5,0,18:12,9,91,311,200,0.84,89478f17e596,"Jungle Cruise; Seven Dwarfs Mine Train; Space Mountain; TRON Lightcycle / Run; Walt Disney World Railroad - Main Street, U.S.A."
2026-10-09,Fri,10.0,1,26,30,30,4,0,18:19,19,92,325,192,0.923,89478f17e596,"Seven Dwarfs Mine Train; TRON Lightcycle / Run; Walt Disney World Railroad - Fantasyland; Walt Disney World Railroad - Main Street, U.S.A."
2026-10-10,Sat,15.0,0,30,30,30,0,1,21:54,89,119,468,236,0.933,89478f17e596,
2026-10-11,Sun,13.0,0,29,30,30,1,0,21:57,21,100,432,236,0.966,89478f17e596,TRON Lightcycle / Run
2026-10-12,Mon,13.0,0,29,30,30,1,0,22:31,11,111,455,236,0.966,89478f17e596,TRON Lightcycle / Run
2026-10-13,Tue,9.0,1,23,30,26,3,0,18:01,31,91,283,156,0.957,89478f17e596,"Jungle Cruise; Peter Pan's Flight; Seven Dwarfs Mine Train; TRON Lightcycle / Run; The Hall of Presidents; Walt Disney World Railroad - Fantasyland; Walt Disney World Railroad - Main Street, U.S.A."
2026-10-14,Wed,13.0,0,28,30,30,2,0,22:18,13,109,447,232,0.964,89478f17e596,Seven Dwarfs Mine Train; TRON Lightcycle / Run
2026-10-15,Thu,9.0,1,23,30,26,3,0,18:35,3,83,289,194,0.913,89478f17e596,"Big Thunder Mountain Railroad; Jungle Cruise; Peter Pan's Flight; Seven Dwarfs Mine Train; Space Mountain; TRON Lightcycle / Run; Walt Disney World Railroad - Main Street, U.S.A."
2026-10-16,Fri,9.0,1,23,30,26,3,0,18:00,34,83,291,156,1.0,89478f17e596,"Jungle Cruise; Peter Pan's Flight; Seven Dwarfs Mine Train; TRON Lightcycle / Run; The Hall of Presidents; Walt Disney World Railroad - Fantasyland; Walt Disney World Railroad - Main Street, U.S.A."
2026-10-17,Sat,13.0,0,29,30,30,1,0,22:38,4,107,466,236,0.966,89478f17e596,TRON Lightcycle / Run
2026-10-18,Sun,9.0,1,23,30,26,3,0,18:05,24,80,299,156,0.913,89478f17e596,"Jungle Cruise; Peter Pan's Flight; Seven Dwarfs Mine Train; TRON Lightcycle / Run; The Hall of Presidents; Walt Disney World Railroad - Fantasyland; Walt Disney World Railroad - Main Street, U.S.A."
2026-10-19,Mon,13.0,0,29,30,30,1,0,22:31,11,111,455,236,0.966,89478f17e596,TRON Lightcycle / Run
2026-10-20,Tue,13.0,0,29,30,30,1,0,22:09,7,113,430,236,0.931,89478f17e596,TRON Lightcycle / Run
2026-10-21,Wed,13.0,0,28,30,30,2,0,22:18,13,109,447,232,0.964,89478f17e596,Seven Dwarfs Mine Train; TRON Lightcycle / Run
2026-10-22,Thu,9.0,1,23,30,26,3,0,18:35,3,83,289,194,0.913,89478f17e596,"Big Thunder Mountain Railroad; Jungle Cruise; Peter Pan's Flight; Seven Dwarfs Mine Train; Space Mountain; TRON Lightcycle / Run; Walt Disney World Railroad - Main Street, U.S.A."
2026-10-23,Fri,9.0,1,23,30,26,3,0,18:00,34,83,291,156,1.0,89478f17e596,"Jungle Cruise; Peter Pan's Flight; Seven Dwarfs Mine Train; TRON Lightcycle / Run; The Hall of Presidents; Walt Disney World Railroad - Fantasyland; Walt Disney World Railroad - Main Street, U.S.A."
2026-10-24,Sat,13.0,0,29,30,30,1,0,22:38,4,107,466,236,0.966,89478f17e596,TRON Lightcycle / Run
2026-10-25,Sun,9.0,1,23,30,26,3,0,18:05,24,80,299,156,0.913,89478f17e596,"Jungle Cruise; Peter Pan's Flight; Seven Dwarfs Mine Train; TRON Lightcycle / Run; The Hall of Presidents; Walt Disney World Railroad - Fantasyland; Walt Disney World Railroad - Main Street, U.S.A."
