date,count,baseline,total_effect,window_share,crowd_share
2026-10-23,23.0,25.0,-2.0,-2.0,0.0
2026-09-29,23.0,25.0,-2.0,-2.0,0.0
2026-10-16,23.0,25.0,-2.0,-2.0,0.0
2026-10-13,23.0,25.0,-2.0,-2.0,0.0
2026-10-06,23.0,25.0,-2.0,-2.0,0.0
2026-10-25,23.0,24.0,-1.0,-1.5,0.5
2026-09-27,23.0,24.0,-1.0,-1.5,0.5
2026-10-22,23.0,24.0,-1.0,-1.0,0.0
2026-10-18,23.0,24.0,-1.0,-1.5,0.5
2026-10-01,23.0,24.0,-1.0,-1.0,0.0
2026-10-15,23.0,24.0,-1.0,-1.0,0.0
2026-10-08,25.0,26.0,-1.0,0.0,-1.0
2026-10-09,26.0,26.0,0.0,0.0,0.0
2026-09-25,26.0,26.0,0.0,0.0,0.0
2026-10-02,26.0,26.0,0.0,0.0,0.0
2026-10-04,26.0,25.0,1.0,0.0,1.0
2026-10-21,28.0,25.0,3.0,4.0,-1.0
2026-10-14,28.0,25.0,3.0,4.0,-1.0
2026-09-30,28.0,25.0,3.0,4.0,-1.0
2026-10-17,29.0,25.0,4.0,4.5,-0.5
2026-09-26,30.0,26.0,4.0,4.0,0.0
2026-09-28,29.0,25.0,4.0,4.0,0.0
2026-10-20,29.0,25.0,4.0,4.0,0.0
2026-10-19,29.0,25.0,4.0,4.0,0.0
2026-10-10,30.0,26.0,4.0,4.0,0.0
2026-10-03,30.0,26.0,4.0,4.0,0.0
2026-10-12,29.0,25.0,4.0,4.0,0.0
2026-10-24,29.0,25.0,4.0,4.5,-0.5
2026-10-07,30.0,26.0,4.0,4.5,-0.5
2026-10-11,29.0,24.0,5.0,4.5,0.5
2026-10-05,30.0,25.0,5.0,5.0,0.0
