horizon_band,wait_band,ratio_lo,ratio_hi,n
1-7,headliner,0.5283125709848104,1.2980569847337684,45599
1-7,middle,0.4661873675984342,1.53040377015438,41447
1-7,walk-on,0.6360412040273731,1.6487791473750903,31321
15-29,headliner,0.411095288428461,1.3863330240899447,30911
15-29,middle,0.4377294014095065,1.6353394188986743,27151
15-29,walk-on,0.6450306076949819,1.8813772398267368,22215
8-14,headliner,0.4741489385719922,1.324200999252229,38195
8-14,middle,0.4508551589306963,1.56391917567417,33959
8-14,walk-on,0.6370695845060337,1.7005473362449148,26267
