wait_band,bucket,predicted,actual,n
headliner,"(-0.001, 5.641]",4.930095382228352,30.761494252873565,58
headliner,"(5.641, 7.412]",6.668020596474658,32.86596364340267,246
headliner,"(7.412, 9.508]",8.48594061929271,31.042938922815722,487
headliner,"(9.508, 11.831]",10.819347792733467,30.960487021148786,884
headliner,"(11.831, 14.589]",13.302619226529222,31.965307583676484,1640
headliner,"(14.589, 17.501]",16.04041840878178,31.584735392215087,2216
headliner,"(17.501, 22.66]",20.289049134675132,32.97409760414691,5273
headliner,"(22.66, 28.938]",26.08259586816945,34.232505366219144,10974
headliner,"(28.938, 35.63]",32.37085407591548,36.4156996026604,15996
headliner,"(35.63, 43.151]",39.323312109590404,40.06639479501791,19624
headliner,"(43.151, 55.956]",48.764686448584904,46.94737032747372,22583
headliner,"(55.956, 143.634]",74.5318074126859,67.73688205150448,24353
middle,"(-0.001, 5.641]",5.0606480811080585,13.027785763137326,1152
middle,"(5.641, 7.412]",6.650429090355331,13.044431983216747,4962
middle,"(7.412, 9.508]",8.500906840784374,12.205915036642901,11994
middle,"(9.508, 11.831]",10.661798096780364,12.582638461014682,15661
middle,"(11.831, 14.589]",13.253267973097502,14.585264643611552,17803
middle,"(14.589, 17.501]",15.928475907086312,15.545975198172494,19524
middle,"(17.501, 22.66]",19.756083747169356,16.310350736540286,16666
middle,"(22.66, 28.938]",25.62595618518672,17.267760601294007,12079
middle,"(28.938, 35.63]",31.929456397682053,17.96415357843929,7770
middle,"(35.63, 43.151]",38.68598365186092,18.115461250705817,4600
middle,"(43.151, 55.956]",47.23601301426048,18.25482984209399,1961
middle,"(55.956, 143.634]",64.57721766272692,19.096064624545637,395
walk-on,"(-0.001, 5.641]",4.778556257198422,5.128957241379226,23553
walk-on,"(5.641, 7.412]",6.408168719651412,5.454364055554228,19556
walk-on,"(7.412, 9.508]",8.361557553411487,5.812787482582288,12281
walk-on,"(9.508, 11.831]",10.55364559063797,6.077898862053663,8217
walk-on,"(11.831, 14.589]",13.066243051132556,6.268153385357333,5320
walk-on,"(14.589, 17.501]",15.924457097327151,6.382178967979498,3023
walk-on,"(17.501, 22.66]",19.648474258782212,6.4835886060646954,2823
walk-on,"(22.66, 28.938]",25.58381143742928,6.642289224745365,1710
walk-on,"(28.938, 35.63]",31.87334728094814,6.662230558920629,997
walk-on,"(35.63, 43.151]",38.61902957228894,6.7923573225617835,538
walk-on,"(43.151, 55.956]",46.88598101235879,6.802277504332299,219
walk-on,"(55.956, 143.634]",60.005066518052296,7.555555555555555,15
