wait_band,predictor,n,n_no_estimate,mae,rmse,median_abs,bias
headliner,ridge,104334,335,11.531593588787045,16.064489324152323,8.560393918687362,-1.2544104463419845
headliner,gbm,104334,335,12.21912149889983,17.01048680896708,9.253760541053357,-2.716275643994412
headliner,climatology,104334,335,11.374972690778987,15.772261033545686,8.454983906900182,1.9325348189196734
headliner,persistence_7,104334,335,11.886103287759694,16.532893507188685,8.986370640429472,-2.167187643167935
headliner,weekday_hour_all,104669,0,11.449350640485772,16.065808478974922,8.348809523809521,1.9776622537614992
headliner,weekday_hour_28d,104669,0,11.889245207171298,16.63770167283942,8.75,0.1516789921049857
middle,ridge,114567,1406,5.877810561493916,8.976753751338062,3.389344015521301,2.6591100868549313
middle,gbm,114567,1406,5.788356940102812,8.697374758265958,3.544242502059312,2.1104632668383636
middle,climatology,114567,1406,6.584098089061599,10.329371950382333,3.4435833353050853,4.353416284354358
middle,persistence_7,114567,1406,5.761606493026551,8.800239401033748,3.256335833776104,2.3920761688213177
middle,weekday_hour_all,115973,0,6.837852674813504,11.021240732066897,3.571428571428573,4.711359608859762
middle,weekday_hour_28d,115973,0,6.42063858797569,10.560673053578737,3.458333333333332,3.844158981704353
walk-on,ridge,78252,1151,3.808621693797734,6.801115209677715,1.6953493105027655,3.38481050327746
walk-on,gbm,78252,1151,3.6800700391273735,6.477081571676291,1.712283691335267,3.057732201521942
walk-on,climatology,78252,1151,4.586442464866743,7.971507685386539,2.1217225712815493,4.451227416880113
walk-on,persistence_7,78252,1151,3.704087472103962,6.648938881624526,1.6303276344662718,3.2338656100317458
walk-on,weekday_hour_all,79403,0,5.176513575234308,9.08399525001356,2.3100907029478464,5.018731911289705
walk-on,weekday_hour_28d,79403,0,4.624611179774317,8.582775164734054,1.8055555555555545,4.388493210713731
