park_id,predictor,n,n_no_estimate,mae,rmse,median_abs,bias
12dbb85b-265f-44e6-bccf-f1faa17211fc,ridge,32197,0,13.188626924628435,19.736408438407175,8.16095527805647,4.668234146896698
12dbb85b-265f-44e6-bccf-f1faa17211fc,gbm,32197,0,12.59445388097867,20.128220805932983,7.183387214559197,-1.3528035069873223
12dbb85b-265f-44e6-bccf-f1faa17211fc,climatology,32197,0,13.910739674945033,20.390272342855805,8.681355634840358,6.935178979491407
12dbb85b-265f-44e6-bccf-f1faa17211fc,persistence_7,32197,0,12.55085006203267,19.818432702508098,7.217135235529838,0.2640968720548078
12dbb85b-265f-44e6-bccf-f1faa17211fc,weekday_hour_all,32197,0,14.740385289570831,21.50362494988639,9.305555555555555,7.563868029345695
12dbb85b-265f-44e6-bccf-f1faa17211fc,weekday_hour_28d,32197,0,13.92306516868489,20.983293361523536,8.4375,3.168242454211614
1c84a229-8862-4648-9c71-378ddd2c7693,ridge,23693,431,6.9348299135452045,11.005400418186559,3.292441403456966,1.4188670323805805
1c84a229-8862-4648-9c71-378ddd2c7693,gbm,23693,431,6.768107642900124,10.578299242507763,3.3187086466766544,0.15009049090814333
1c84a229-8862-4648-9c71-378ddd2c7693,climatology,23693,431,7.184268852601937,11.541845463164329,3.23782435657057,2.688387410921572
1c84a229-8862-4648-9c71-378ddd2c7693,persistence_7,23693,431,7.232142052677384,11.492812747877938,3.3592493049561796,0.7285989927455438
1c84a229-8862-4648-9c71-378ddd2c7693,weekday_hour_all,24124,0,7.000834851786934,11.338968401747428,3.4393939393939386,2.918633891858624
1c84a229-8862-4648-9c71-378ddd2c7693,weekday_hour_28d,24124,0,7.022265664105063,11.538287954263462,3.541666666666668,2.22835594633037
267615cc-8943-4c2a-ae2c-5da728ca591f,ridge,46103,0,8.380243139187462,12.149263239491289,5.3194984320670855,4.3666222775319365
267615cc-8943-4c2a-ae2c-5da728ca591f,gbm,46103,0,8.062278080837851,11.916105276525366,4.953142009385431,2.920971102685913
267615cc-8943-4c2a-ae2c-5da728ca591f,climatology,46103,0,9.598061636273979,13.426420137248005,6.194110837548138,6.852068047052276
267615cc-8943-4c2a-ae2c-5da728ca591f,persistence_7,46103,0,7.680041355172936,11.44998036219537,4.732144906586022,2.2984404991932204
267615cc-8943-4c2a-ae2c-5da728ca591f,weekday_hour_all,46103,0,10.268132755558748,14.333691042580648,6.84375,7.922797465849889
267615cc-8943-4c2a-ae2c-5da728ca591f,weekday_hour_28d,46103,0,9.287415277192567,13.686581917938105,5.7481060606060606,5.655052056557588
288747d1-8b4f-4a64-867e-ea7c9b27bad8,ridge,29728,104,9.433024443176057,12.876854277134992,7.204191035254782,0.9368808477638908
288747d1-8b4f-4a64-867e-ea7c9b27bad8,gbm,29728,104,10.2571259147937,13.830460258864296,7.876831916357805,2.146589338579516
288747d1-8b4f-4a64-867e-ea7c9b27bad8,climatology,29728,104,9.2088771333913,12.451068060450298,6.857899357922488,4.420344281755975
288747d1-8b4f-4a64-867e-ea7c9b27bad8,persistence_7,29728,104,10.149169758985595,13.554220680215131,7.901587880171611,3.3729188703737734
288747d1-8b4f-4a64-867e-ea7c9b27bad8,weekday_hour_all,29832,0,9.543512678542811,12.955748187993901,7.170669243037663,4.539870175924141
288747d1-8b4f-4a64-867e-ea7c9b27bad8,weekday_hour_28d,29832,0,9.799069929639156,13.356678259717986,7.361111111111114,3.846977679348367
47f90d2c-e191-4239-a466-5892ef59a88b,ridge,46507,84,5.699693574846673,9.540070105019039,2.6496628840738845,-0.5002462588295193
47f90d2c-e191-4239-a466-5892ef59a88b,gbm,46507,84,6.0982729139661656,10.175734300921222,3.023784692114541,-0.7712546726842472
47f90d2c-e191-4239-a466-5892ef59a88b,climatology,46507,84,5.469796066975598,9.2524838542445,2.2627525270751647,0.27265061424208187
47f90d2c-e191-4239-a466-5892ef59a88b,persistence_7,46507,84,5.7339864493607235,9.639471525508293,2.5210193745476843,-0.3233383302127183
47f90d2c-e191-4239-a466-5892ef59a88b,weekday_hour_all,46591,0,5.246271955063706,9.23665927911111,2.375541125541125,-0.11371053900799338
47f90d2c-e191-4239-a466-5892ef59a88b,weekday_hour_28d,46591,0,5.544199086423908,9.750552506101057,2.5,-0.2794971823950994
75ea578a-adc8-4116-a54d-dccb60765ef9,ridge,90613,0,4.729813259546134,7.178923634897496,2.8660547335254263,0.6714641703809132
75ea578a-adc8-4116-a54d-dccb60765ef9,gbm,90613,0,5.241224525041443,7.939034787606698,3.1401821077870054,0.8746901416985822
75ea578a-adc8-4116-a54d-dccb60765ef9,climatology,90613,0,5.237103984965323,8.094432579820715,3.1015716220996463,2.429362905167315
75ea578a-adc8-4116-a54d-dccb60765ef9,persistence_7,90613,0,5.165808225922267,7.88267028552704,3.0005820417226197,0.7846769928558796
75ea578a-adc8-4116-a54d-dccb60765ef9,weekday_hour_all,90613,0,5.262300947857464,8.287297561511654,3.1275252525252526,2.5236081198772036
75ea578a-adc8-4116-a54d-dccb60765ef9,weekday_hour_28d,90613,0,5.294632764917638,8.738392626521566,3.0208333333333286,2.0627246912580324
eb3f4560-2383-4a36-9152-6b3e5ed6bc57,ridge,28312,2273,7.9540127357660175,11.476008145057314,5.452757916251296,-0.4248362858863752
eb3f4560-2383-4a36-9152-6b3e5ed6bc57,gbm,28312,2273,7.946540155496143,11.406635579870526,5.541534585966758,-0.14854381722912446
eb3f4560-2383-4a36-9152-6b3e5ed6bc57,climatology,28312,2273,8.361106629556781,11.540019530118824,6.2274871601506305,2.882012839752359
eb3f4560-2383-4a36-9152-6b3e5ed6bc57,persistence_7,28312,2273,7.914266371462485,11.303227018189084,5.586498399744219,0.4567917674265494
eb3f4560-2383-4a36-9152-6b3e5ed6bc57,weekday_hour_all,30585,0,9.141377329549318,12.770532601787696,6.949999999999998,3.7233242393850916
eb3f4560-2383-4a36-9152-6b3e5ed6bc57,weekday_hour_28d,30585,0,9.154885136990586,12.865207580421218,6.805555555555555,3.4338394950081415
