horizon_band,predictor,n,n_no_estimate,mae,rmse,median_abs,bias
1-7,ridge,118395,677,6.857595912465473,10.783659851599689,3.929163630764866,1.543502866459639
1-7,gbm,118395,677,6.685105262421995,10.639856325075273,3.836203077324331,0.4528851112277393
1-7,climatology,118395,677,7.307202801181833,11.368555847195127,4.218916073890853,3.2044923500951086
1-7,persistence_7,118395,677,6.781519039939604,10.71863478834516,3.902116088929006,0.8760162149860212
1-7,weekday_hour_all,119072,0,7.482767728136135,11.826240203079704,4.375,3.4965425570687567
1-7,weekday_hour_28d,119072,0,7.132674514744402,11.510663787700086,4.166666666666666,2.052118453412859
15-29,ridge,80307,1222,8.024634654507757,12.685470942511735,4.48705963306784,1.2270060916400798
15-29,gbm,80307,1222,8.686462413057088,13.655760487743875,4.875105703532533,0.896518311978552
15-29,climatology,80307,1222,8.313249848741044,12.879971925544389,4.765960674754126,3.9282643971574274
15-29,persistence_7,80307,1222,8.221450066675132,13.059952907594433,4.562204644364908,1.1648879899830278
15-29,weekday_hour_all,81529,0,8.734560912722948,13.594123401409663,5.088624338624339,4.258847853033217
15-29,weekday_hour_28d,81529,0,8.819435260386665,13.931085421567241,5.0,3.5681061160714376
8-14,ridge,98451,993,7.295337473650213,11.529012854713182,4.1366718636724915,1.598324011322417
8-14,gbm,98451,993,7.485252340503816,11.822323576681082,4.290205475333305,0.7318074317272854
8-14,climatology,98451,993,7.793385856936315,12.14709842476424,4.4388304846787605,3.5940861783065854
8-14,persistence_7,98451,993,7.383662808307105,11.731919550107854,4.208416442784035,1.0536560014873981
8-14,weekday_hour_all,99444,0,8.037900147635519,12.658785910766133,4.708333333333336,3.9050408907943748
8-14,weekday_hour_28d,99444,0,7.923279130934269,12.746846784310339,4.583333333333332,2.764372836955211
