horizon,corr,n
1,0.5150110155115477,630
2,0.4539389563128668,616
3,0.4099468144504905,602
4,0.3849399264373631,588
5,0.361312377061436,574
6,0.3385240798105608,560
7,0.32274402531237234,546
8,0.3020438077903886,532
9,0.2951211487939289,518
10,0.28813965538500075,504
11,0.2729377762469495,490
12,0.25649335120982514,476
13,0.2301091751709477,462
14,0.19771929640775712,448
15,0.14231781112807323,434
16,0.09881424639076059,420
17,0.06334446246662839,406
18,0.02039658147578688,392
19,-0.019134033168260834,378
20,-0.04452680796994426,364
21,-0.06468455351151386,350
22,-0.09485702662596633,336
23,-0.13858594231905794,322
24,-0.1489358942496069,308
25,-0.15759899658619494,294
26,-0.11679280307299778,280
27,-0.05693555583948892,266
28,-0.0073539767957035915,252
