horizon_band,predictor,baseline,skill,lo,hi,n_rows,n_origins,n_park_days,spans_zero
1-7,ridge,weekday_hour_28d,0.11562584846502977,0.01678438922696175,0.19721026096157293,118395,17,770,False
1-7,ridge,climatology,0.10025019370483201,-0.013031395634881609,0.19747886879859938,118395,17,770,True
1-7,ridge,persistence_7,-0.012169889771779463,-0.057175938350016914,0.030017221365729412,118395,17,770,True
1-7,gbm,weekday_hour_28d,0.1390553995679985,0.02536127702928819,0.23943409529130025,118395,17,770,False
1-7,gbm,climatology,0.12408708901649401,-0.010446098515300775,0.2401278576708607,118395,17,770,True
1-7,gbm,persistence_7,0.01464532878264535,-0.024806823695980397,0.05503089616509979,118395,17,770,True
15-29,ridge,weekday_hour_28d,0.16148002121869443,0.06479091465337583,0.24037136466166598,80307,12,539,False
15-29,ridge,climatology,0.029974040393430212,-0.08918317814035824,0.12801959232045537,80307,12,539,True
15-29,ridge,persistence_7,0.05652593194021083,0.017781803467491628,0.09278821278426694,80307,12,539,False
15-29,gbm,weekday_hour_28d,0.028300438166928177,-0.15976082002259404,0.17327280127938144,80307,12,539,True
15-29,gbm,climatology,-0.12409223842982708,-0.34378215625644437,0.0446568633212822,80307,12,539,True
15-29,gbm,persistence_7,-0.09332319054220961,-0.17009298867469352,-0.020465290667607605,80307,12,539,False
8-14,ridge,weekday_hour_28d,0.17377536528613835,0.09894360784199713,0.23721095856263444,98451,14,651,False
8-14,ridge,climatology,0.09917766429999542,0.01667364584750997,0.17047991146664165,98451,14,651,False
8-14,ridge,persistence_7,0.034291410143915124,-0.017866869182088043,0.07426051802613191,98451,14,651,True
8-14,gbm,weekday_hour_28d,0.1312004715423003,0.014122567013237415,0.22771025760623628,98451,14,651,False
8-14,gbm,climatology,0.05275879270851114,-0.06143379372592441,0.15042998774500582,98451,14,651,True
8-14,gbm,persistence_7,-0.015471013866685146,-0.06700357189587522,0.03315597639028186,98451,14,651,True
